shapeID,name,sol,pop,area_km2,parent,sol_0,growth,abs_change,growth_2dates,period_growth,trend_growth,trend_lo,trend_hi,trend_p,trend_n,z_robust,eligible,z_signal,flag
56634734B97208940932189,Bakau,289.603,83355.5,9.41825,Kanifing,265.162,-0.0153454,24.4411,0.00984483,-0.0153454,-0.0134402,-0.0411939,0.0311652,0.484313,10,-0.674491,True,-0.674491,within normal range · dans la plage normale
56634734B44527271765824,Banjul Central,50.8155,11916.4,0.72453,Banjul,50.1566,0.00620253,0.658937,0.00145128,0.00620253,0.00145128,-0.100166,0.0650231,0.861801,10,-0.585078,True,-0.585078,within normal range · dans la plage normale
56634734B93236052329958,Banjul North,153.875,5743.49,7.00374,Banjul,111.335,0.0333859,42.5405,0.0366099,0.0333859,-0.00101474,-0.109094,0.104889,1,10,-0.47228,True,-0.47228,within normal range · dans la plage normale
56634734B29168541437208,Banjul South,66.1226,9176.11,1.20758,Banjul,60.9253,0.0140841,5.19729,0.00913725,0.0140841,0.0072549,-0.0167766,0.0293051,0.484313,10,-0.552373,True,-0.552373,within normal range · dans la plage normale
56634734B15786085247071,Basse,147.398,49066.3,163.861,Basse,3.34915,0.656091,144.048,0.52271,0.656091,0.505561,0.320527,0.664081,5.51146e-07,10,2.11164,True,2.11164,within normal range · dans la plage normale
56634734B73613655778936,Central Badibu,48.4228,24033,248.208,Kerewan,0,,48.4228,,,0.25574,0.105865,0.321732,0.0166667,6,,True,,within normal range · dans la plage normale
56634734B67575656085362,Foni Bintang Karanai,45.0081,17602.8,279.2,Brikama,10.9728,0.261041,34.0354,0.169791,0.261041,0.261041,0.161031,0.365349,0.000946318,10,0.472373,True,0.472373,within normal range · dans la plage normale
56634734B65915930660736,Foni Bondali,0,7821.8,158.588,Brikama,0.433939,-1,-0.433939,-1,,,,,,3,-4.76032,True,-4.76032,significant loss · baisse significative
56634734B27150312185582,Foni Brefet,59.2382,17191.1,126.924,Brikama,8.33784,0.452122,50.9004,0.243416,0.452122,0.518945,0.225694,0.910195,0.00588624,9,1.26527,True,1.26527,within normal range · dans la plage normale
56634734B7386392108855,Foni Jarrol,18.4103,7589.23,80.7426,Brikama,1.26709,0.346293,17.1433,0.346293,,0.397322,0.0970016,2.96373,0.0166667,5,0.826127,True,0.826127,within normal range · dans la plage normale
56634734B42615963496738,Foni Kansala,87.6093,17668.5,197.982,Brikama,90.7426,0.0112766,-3.13339,-0.00389691,0.0112766,0.0131684,-0.0644443,0.0792749,0.72749,10,-0.564023,True,-0.564023,within normal range · dans la plage normale
56634734B27555440336226,Illiasa,247.632,52739.1,361.419,Kerewan,0.780722,0.726043,246.852,0.896372,0.726043,0.510615,0.378906,0.939375,5.51146e-06,10,2.4019,True,2.4019,within normal range · dans la plage normale
56634734B22755125769096,Janjanbureh,9.70052,4472.79,11.83,Janjanbureh,0,,9.70052,,,0.178675,0.104828,0.289844,0.00277778,6,,True,,within normal range · dans la plage normale
56634734B6993374345684,Jarra central,22.2552,9735.77,151.215,Mansakonko,0,,22.2552,,,0.232517,0.120461,1.46613,0.00277778,6,,True,,within normal range · dans la plage normale
56634734B99377934241318,Jarra East,3.7076,19762.1,220.266,Mansakonko,0,,3.7076,,,,,,,2,,True,,within normal range · dans la plage normale
56634734B83949040016571,Jarra West,231.795,28052.4,177.278,Mansakonko,0,0.591665,231.795,,0.591665,0.537611,0.379958,0.69328,5.51146e-06,9,1.8443,True,1.8443,within normal range · dans la plage normale
56634734B33214654746760,Jeshwang,472.599,91312,14.2492,Kanifing,370.479,0.011194,102.12,0.0274191,0.011194,0.0273665,-0.0157634,0.062239,0.155742,10,-0.564366,True,-0.564366,within normal range · dans la plage normale
56634734B42913132832661,Jimara,75.8705,52290.3,331.551,Basse,0,,75.8705,,,0.370405,0.254736,0.777509,0.00277778,7,,True,,within normal range · dans la plage normale
56634734B78170872061000,Jokadu,35.4875,24768.8,274.998,Kerewan,0,,35.4875,,,0.778327,0.240764,1.58976,0.0166667,5,,True,,within normal range · dans la plage normale
56634734B33233148834926,Kantora,173.111,45499.8,298.331,Basse,0,,173.111,,,0.788319,0.15671,1.48855,0.00277778,7,,True,,within normal range · dans la plage normale
56634734B95834842597723,Kiang Central,40.2317,8598.4,161.367,Mansakonko,0,,40.2317,,,0.26317,0.170488,0.844855,0.0833333,4,,True,,within normal range · dans la plage normale
56634734B11412565261125,Kiang East,52.5263,7443.23,132.375,Mansakonko,0,,52.5263,,,,,,,2,,True,,within normal range · dans la plage normale
56634734B57370738255875,Kiang West,54.2469,14717.3,697.075,Mansakonko,0,,54.2469,,,0.341299,0.0642069,0.521624,0.0833333,4,,True,,within normal range · dans la plage normale
56634734B211008456047,Kombo Central,1514.65,197915,168.961,Brikama,134.559,0.370928,1380.09,0.308646,0.370928,0.378847,0.30851,0.416938,5.51146e-06,10,0.92835,True,0.92835,within normal range · dans la plage normale
56634734B25207283407562,Kombo East,395.742,62402,301.684,Brikama,35.9911,0.410324,359.751,0.305241,0.410324,0.447411,0.318397,0.562781,0.000357694,10,1.09182,True,1.09182,within normal range · dans la plage normale
56634734B65078205245432,Kombo North,4537.02,575028,183.614,Brikama,1351.22,0.147202,3185.81,0.144062,0.147202,0.161791,0.118409,0.215669,0.00011519,10,0,True,0,within normal range · dans la plage normale
56634734B1390118495461,Kombo South,1091.48,151248,276.307,Brikama,39.6226,0.470386,1051.86,0.445467,0.470386,0.463464,0.393484,0.510397,5.51146e-07,10,1.34105,True,1.34105,within normal range · dans la plage normale
56634734B14945153011857,Lower Badibu,83.5078,19968.5,195.334,Kerewan,0,,83.5078,,,0.423648,0.301299,0.830239,0.00277778,7,,True,,within normal range · dans la plage normale
56634734B90495316975710,Lower Fuladu West,44.3021,43881.4,344.057,Janjanbureh,0,,44.3021,,,0.355979,0.141381,1.35046,0.0166667,6,,True,,within normal range · dans la plage normale
56634734B30137768679203,Lower Niumi,243.331,67601.9,348.395,Kerewan,0.646501,1.2037,242.685,0.932773,1.2037,1.0019,0.541709,1.57763,5.51146e-07,10,4.38395,True,4.38395,significant gain · hausse significative
56634734B70409077095290,Lower Saloum,36.1609,18080.1,185.284,Kuntaur,0,,36.1609,,,0.231884,0.159667,0.383239,0.00550595,8,,True,,within normal range · dans la plage normale
56634734B21442074713298,Niamina Dankunku,0,5924.61,125.983,Janjanbureh,0,,0,,,,,,,0,,True,,within normal range · dans la plage normale
56634734B42374489083147,Niamina East,34.9806,28625.3,362.218,Janjanbureh,0,,34.9806,,,0.456016,-0.595035,6.93977,0.0555556,6,,True,,within normal range · dans la plage normale
56634734B81557661921178,Niamina West,0,7338.38,154.731,Janjanbureh,0,,0,,,,,,,0,,True,,within normal range · dans la plage normale
56634734B41420439456091,Niani,32.115,34179.4,435.996,Kuntaur,0,,32.115,,,0.48658,0.144159,0.89731,0.0166667,5,,True,,within normal range · dans la plage normale
56634734B85088174381509,Nianija,0,11589.5,135.091,Kuntaur,0,,0,,,,,,,0,,True,,within normal range · dans la plage normale
56634734B86795933582352,Sabach Sanjar,74.6085,33384.3,343.064,Kerewan,0,,74.6085,,,0.731812,0.440285,1.02196,0.000396825,7,,True,,within normal range · dans la plage normale
56634734B54242206420565,Sami,75.5144,28142.9,490.53,Kuntaur,0,,75.5144,,,0.16757,0.0148027,0.401894,0.0311508,8,,True,,within normal range · dans la plage normale
56634734B93657392024497,Sandu,33.6128,28181.8,329.709,Basse,0,,33.6128,,,0.438985,0.358145,0.605838,4.96032e-05,8,,True,,within normal range · dans la plage normale
56634734B31410801409584,Serrekunda Central,199.175,28105.3,4.10616,Kanifing,128.732,0.0317585,70.4427,0.0496894,0.0317585,0.0665609,0.0256171,0.0963597,0.0286095,10,-0.479033,True,-0.479033,within normal range · dans la plage normale
56634734B18055278254530,Serrekunda East,477.496,68822.8,12.5609,Kanifing,215.239,0.0824561,262.257,0.0925717,0.0824561,0.0925717,0.0578876,0.156414,0.00221285,10,-0.268663,True,-0.268663,within normal range · dans la plage normale
56634734B71497134195207,Serrekunda West,620.752,104917,12.559,Kanifing,332.139,0.0560526,288.613,0.0719577,0.0560526,0.075505,0.0276921,0.123369,0.00468695,10,-0.378225,True,-0.378225,within normal range · dans la plage normale
56634734B54781332377439,Tumana,54.1357,52973.3,303.469,Basse,0,,54.1357,,,0.915716,0.503461,1.25229,4.96032e-05,8,,True,,within normal range · dans la plage normale
56634734B91081024976770,Upper Fuladu West,62.991,48189.9,470.018,Janjanbureh,0,,62.991,,,0.387619,0.150372,0.487,0.0166667,6,,True,,within normal range · dans la plage normale
56634734B28238259284132,Upper Niumi,56.0125,35573.1,420.771,Kerewan,0,,56.0125,,,0.854203,-0.00753226,3.90856,0.0833333,5,,True,,within normal range · dans la plage normale
56634734B57962636272806,Upper Saloum,4.47226,20925.8,243.87,Kuntaur,0,,4.47226,,,,,,,3,,True,,within normal range · dans la plage normale
56634734B89687119950058,Wuli East,18.7113,28183.2,323.571,Basse,0,,18.7113,,,0.512007,0.380304,0.932998,0.00277778,6,,True,,within normal range · dans la plage normale
56634734B48610519572764,Wuli West,31.9909,25876.6,274.127,Basse,0,,31.9909,,,0.245137,0.0917328,0.369816,0.00277778,7,,True,,within normal range · dans la plage normale
