coverage,date,name,sol,month,year,expected,resid,z
1,2021-01-01,Banjul,110.146,1,2021,208.115,-0.470743,-1.02267
1,2021-02-01,Banjul,132.324,2,2021,233.189,-0.432548,-0.937162
1,2021-03-01,Banjul,157.862,3,2021,220.999,-0.285691,-0.608407
1,2021-04-01,Banjul,118.184,4,2021,210.098,-0.43748,-0.948202
1,2021-05-01,Banjul,98.2696,5,2021,190.629,-0.484498,-1.05346
1,2021-06-01,Banjul,91.0441,6,2021,171.969,-0.470578,-1.0223
1,2021-07-01,Banjul,108.731,7,2021,161.331,-0.326036,-0.698722
1,2021-08-01,Banjul,101.436,8,2021,244.419,-0.58499,-1.27842
1,2021-09-01,Banjul,119.128,9,2021,175.772,-0.322258,-0.690265
1,2021-10-01,Banjul,163.883,10,2021,191.854,-0.145794,-0.295232
1,2021-11-01,Banjul,143.067,11,2021,212.049,-0.325313,-0.697105
1,2021-12-01,Banjul,160.786,12,2021,212.744,-0.244227,-0.515584
1,2022-01-01,Banjul,153.456,1,2022,193.679,-0.207676,-0.433761
1,2022-02-01,Banjul,135.647,2,2022,232.081,-0.41552,-0.899043
1,2022-03-01,Banjul,169.414,3,2022,217.149,-0.219827,-0.460963
1,2022-04-01,Banjul,165.128,4,2022,194.45,-0.150796,-0.306428
1,2022-05-01,Banjul,146.112,5,2022,174.681,-0.163551,-0.334981
1,2022-06-01,Banjul,137.476,6,2022,156.491,-0.121511,-0.240871
0.872125,2022-07-01,Banjul,131.974,7,2022,153.583,-0.140699,-0.283826
1,2022-09-01,Banjul,175.018,9,2022,157.142,0.113755,0.285799
1,2022-10-01,Banjul,171.434,10,2022,189.337,-0.0945551,-0.180527
1,2022-11-01,Banjul,184.844,11,2022,198.123,-0.0670239,-0.118896
1,2022-12-01,Banjul,197.663,12,2022,200.452,-0.0139126,0
1,2023-01-01,Banjul,226.888,1,2023,169.201,0.340934,0.794364
1,2023-02-01,Banjul,216.17,2,2023,205.24,0.0532547,0.150361
1,2023-03-01,Banjul,204.343,3,2023,205.506,-0.00565778,0.0184793
1,2023-04-01,Banjul,265.174,4,2023,161.101,0.646013,1.47732
1,2023-05-01,Banjul,212.149,5,2023,152.669,0.389603,0.903315
1,2023-06-01,Banjul,182.251,6,2023,141.567,0.287386,0.674491
1,2023-07-01,Banjul,214.898,7,2023,125.941,0.706336,1.61236
1,2023-08-01,Banjul,252.876,8,2023,168.699,0.498975,1.14816
1,2023-09-01,Banjul,146.648,9,2023,166.599,-0.119754,-0.236938
1,2023-10-01,Banjul,216.686,10,2023,174.253,0.243509,0.576266
1,2023-11-01,Banjul,195.985,11,2023,194.409,0.00810667,0.0492925
1,2023-12-01,Banjul,218.476,12,2023,193.514,0.128997,0.319919
1,2024-01-01,Banjul,244.001,1,2024,163.497,0.492392,1.13342
1,2024-02-01,Banjul,347.75,2,2024,161.38,1.15485,2.6164
1,2024-03-01,Banjul,289.242,3,2024,177.206,0.632233,1.44647
1,2024-04-01,Banjul,199.991,4,2024,182.829,0.0938711,0.241286
1,2024-05-01,Banjul,213.625,5,2024,152.177,0.403794,0.935083
1,2024-06-04,Banjul,196.179,6,2024,136.924,0.432765,0.999938
1,2024-07-01,Banjul,137.119,7,2024,151.868,-0.0971137,-0.186255
1,2024-08-01,Banjul,235.962,8,2024,177.156,0.331944,0.774239
1,2024-09-01,Banjul,205.65,9,2024,146.931,0.399636,0.925774
1,2024-10-01,Banjul,187.443,10,2024,184.001,0.0187052,0.0730185
1,2024-11-01,Banjul,255.317,11,2024,174.632,0.462031,1.06545
1,2024-12-01,Banjul,222.092,12,2024,192.308,0.154875,0.377851
1,2021-01-01,Basse,4271.31,1,2021,3431.45,0.244752,1.05088
1,2021-02-01,Basse,2342.21,2,2021,4748.32,-0.506728,-1.46613
1,2021-03-01,Basse,3943.44,3,2021,4424.89,-0.108806,-0.133326
1,2021-04-01,Basse,4103.59,4,2021,5818.03,-0.294677,-0.755883
1,2021-05-01,Basse,3381.43,5,2021,3861.91,-0.124417,-0.185614
1,2021-06-01,Basse,3162.16,6,2021,3947.37,-0.19892,-0.435156
1,2021-07-01,Basse,3136.81,7,2021,3496.31,-0.102823,-0.113288
0.99988,2021-08-01,Basse,3140.05,8,2021,3339.14,-0.059622,0.0314098
1,2021-09-01,Basse,2943.85,9,2021,3786.36,-0.222512,-0.514173
1,2021-10-01,Basse,2510.45,10,2021,3589.56,-0.300625,-0.775807
1,2021-11-01,Basse,2646.37,11,2021,3389.8,-0.219313,-0.503461
1,2021-12-01,Basse,2428.12,12,2021,3322.48,-0.269186,-0.670503
1,2022-01-01,Basse,3031.39,1,2022,3844.76,-0.211551,-0.477463
1,2022-02-01,Basse,3789.98,2,2022,4265.73,-0.111527,-0.142443
1,2022-03-01,Basse,2790.53,3,2022,4809.2,-0.419752,-1.17481
1,2022-04-01,Basse,3740.88,4,2022,5938.94,-0.370109,-1.00854
1,2022-05-01,Basse,3475.32,5,2022,3830.61,-0.0927502,-0.07955
1,2022-06-01,Basse,3876.53,6,2022,3709.25,0.0450999,0.382166
1,2022-09-01,Basse,5362.35,9,2022,2980.19,0.79933,2.90839
1,2022-10-01,Basse,3586.18,10,2022,3230.98,0.109935,0.599325
1,2022-11-01,Basse,3238.5,11,2022,3192.43,0.0144339,0.279453
1,2022-12-01,Basse,2912.71,12,2022,3160.95,-0.0785347,-0.0319365
1,2023-01-01,Basse,4289.4,1,2023,3425.42,0.252224,1.07591
1,2023-02-01,Basse,5875.79,2,2023,3570.46,0.645671,2.39372
1,2023-03-01,Basse,4068.48,3,2023,4383.21,-0.0718049,-0.00939549
1,2023-04-01,Basse,6761.72,4,2023,4931.99,0.370992,1.47371
1,2023-05-01,Basse,4668.57,5,2023,3432.87,0.359961,1.43676
1,2023-06-01,Basse,3320.89,6,2023,3894.46,-0.14728,-0.262194
1,2023-07-01,Basse,3076.7,7,2023,3526.37,-0.127515,-0.195991
1,2023-08-01,Basse,2498.48,8,2023,3659.93,-0.317341,-0.831794
1,2023-09-01,Basse,3395.22,9,2023,3635.9,-0.0661946,0.00939549
1,2023-10-01,Basse,3641.59,10,2023,3212.51,0.133567,0.678478
1,2023-11-01,Basse,3556.27,11,2023,3086.5,0.152202,0.740896
1,2023-12-01,Basse,3495.34,12,2023,2966.74,0.178175,0.827889
1,2024-01-01,Basse,2973.57,1,2024,3864.03,-0.230449,-0.540761
1,2024-02-01,Basse,4579.17,2,2024,4002.66,0.144033,0.713531
1,2024-03-01,Basse,6415.68,3,2024,3600.82,0.781729,2.84943
1,2024-04-01,Basse,6951.49,4,2024,4868.73,0.427784,1.66393
1,2024-05-01,Basse,3441.85,5,2024,3841.77,-0.104098,-0.11756
1,2024-06-04,Basse,4644.7,6,2024,3453.19,0.345044,1.3868
1,2024-07-01,Basse,3915.92,7,2024,3106.76,0.260454,1.10347
1,2024-08-01,Basse,4179.8,8,2024,2819.27,0.482582,1.84747
0.993733,2024-09-01,Basse,2601.5,9,2024,3900.47,-0.333029,-0.884342
1,2024-10-01,Basse,3540.9,10,2024,3246.07,0.0908261,0.535322
1,2024-11-01,Basse,3374.63,11,2024,3147.05,0.0723141,0.473317
1,2024-12-01,Basse,3559.4,12,2024,2945.39,0.208464,0.92934
1,2021-01-01,Brikama,4087.64,1,2021,6389.73,-0.360279,-1.07612
1,2021-02-01,Brikama,4909.17,2,2021,7560.25,-0.350661,-1.04768
1,2021-03-01,Brikama,6141.06,3,2021,8224.3,-0.253303,-0.759874
1,2021-04-01,Brikama,5845.53,4,2021,9036.78,-0.35314,-1.05501
1,2021-05-01,Brikama,5608.93,5,2021,8233.95,-0.318804,-0.95351
1,2021-06-01,Brikama,5622.54,6,2021,8378.23,-0.328911,-0.983387
0.999761,2021-07-01,Brikama,5352.89,7,2021,6986.61,-0.233836,-0.702326
0.9996,2021-08-01,Brikama,6444.07,8,2021,6497.77,-0.00826485,-0.0354929
1,2021-09-01,Brikama,5728.22,9,2021,7995.85,-0.283601,-0.849443
1,2021-10-01,Brikama,5948.97,10,2021,7930.72,-0.249882,-0.749763
1,2021-11-01,Brikama,5286.67,11,2021,7915.35,-0.332099,-0.992812
1,2021-12-01,Brikama,5944.15,12,2021,8315.76,-0.285195,-0.854154
1,2022-01-01,Brikama,5042.08,1,2022,6071.58,-0.169561,-0.512317
1,2022-02-01,Brikama,5854.95,2,2022,7244.99,-0.191863,-0.578245
1,2022-03-01,Brikama,6851.55,3,2022,7987.47,-0.142213,-0.43147
1,2022-04-01,Brikama,7490.94,4,2022,8488.31,-0.117499,-0.358412
1,2022-05-01,Brikama,6837.61,5,2022,7824.38,-0.126115,-0.383881
1,2022-06-01,Brikama,7167.04,6,2022,7863.39,-0.0885563,-0.27285
0.867249,2022-07-01,Brikama,6664.61,7,2022,6549.37,0.0175956,0.0409558
0.955811,2022-08-01,Brikama,4970.82,8,2022,6988.86,-0.288751,-0.864667
0.997693,2022-09-01,Brikama,8828.45,9,2022,6962.44,0.268011,0.781235
1,2022-10-01,Brikama,6799.53,10,2022,7647.2,-0.110847,-0.338746
1,2022-11-01,Brikama,6471.62,11,2022,7520.37,-0.139454,-0.423315
1,2022-12-01,Brikama,6854.47,12,2022,8012.32,-0.144508,-0.438255
1,2023-01-01,Brikama,6927.24,1,2023,5443.19,0.272642,0.794925
1,2023-02-01,Brikama,7172.35,2,2023,6805.86,0.05385,0.148131
1,2023-03-01,Brikama,7823.64,3,2023,7663.44,0.0209049,0.0507388
1,2023-04-01,Brikama,9204.49,4,2023,7917.13,0.162604,0.469629
1,2023-05-01,Brikama,8496.31,5,2023,7271.49,0.168442,0.486888
1,2023-06-01,Brikama,7779.77,6,2023,7659.15,0.0157477,0.0354929
1,2023-07-01,Brikama,7135.22,7,2023,6392.5,0.116186,0.332408
0.956511,2023-08-01,Brikama,5379.33,8,2023,6852.69,-0.215004,-0.646655
1,2023-09-01,Brikama,6726.08,9,2023,7663.23,-0.122291,-0.372576
1,2023-10-01,Brikama,7629.58,10,2023,7370.51,0.0351496,0.092849
1,2023-11-01,Brikama,7573.79,11,2023,7152.98,0.0588311,0.162856
1,2023-12-01,Brikama,8057.9,12,2023,7611.18,0.0586936,0.16245
1,2024-01-01,Brikama,7199.86,1,2024,5352.32,0.345186,1.00938
1,2024-02-01,Brikama,9653.45,2,2024,5978.82,0.614608,1.80584
1,2024-03-01,Brikama,9997.7,3,2024,6938.75,0.440851,1.29218
1,2024-04-01,Brikama,10414.9,4,2024,7513.65,0.386133,1.13043
1,2024-05-01,Brikama,9367.91,5,2024,6980.95,0.341925,0.999739
1,2024-06-04,Brikama,10187.9,6,2024,6856.45,0.485883,1.42531
1,2024-07-01,Brikama,7160.01,7,2024,6384.24,0.121512,0.348154
0.999726,2024-08-01,Brikama,9143.17,8,2024,5598.07,0.633271,1.86102
0.99969,2024-09-01,Brikama,8433.01,9,2024,7094.25,0.188711,0.546807
1,2024-10-01,Brikama,9363.04,10,2024,6792.69,0.378398,1.10756
1,2024-11-01,Brikama,9700.64,11,2024,6444.03,0.505368,1.48291
1,2024-12-01,Brikama,10034.9,12,2024,6952.18,0.443419,1.29978
1,2021-01-01,Janjanbureh,1508.66,1,2021,1521.64,-0.0085343,0.381117
1,2021-02-01,Janjanbureh,1547.99,2,2021,2569.54,-0.39756,-1.83463
1,2021-03-01,Janjanbureh,2200.93,3,2021,2605.85,-0.155389,-0.455312
1,2021-04-01,Janjanbureh,2221.81,4,2021,2714.63,-0.181543,-0.604276
1,2021-05-01,Janjanbureh,2326.93,5,2021,2610.32,-0.108566,-0.188627
1,2021-06-01,Janjanbureh,2188.9,6,2021,2660.51,-0.177263,-0.579902
1,2021-07-01,Janjanbureh,2217.6,7,2021,2226.54,-0.00401636,0.40685
0.990161,2021-08-01,Janjanbureh,2202.93,8,2021,2213.86,-0.00493987,0.40159
1,2021-09-01,Janjanbureh,2040.64,9,2021,2496.66,-0.182651,-0.610589
1,2021-10-01,Janjanbureh,1908.96,10,2021,2424.66,-0.21269,-0.781681
1,2021-11-01,Janjanbureh,1757.37,11,2021,2192.56,-0.198484,-0.700765
1,2021-12-01,Janjanbureh,1700.91,12,2021,2036.15,-0.164644,-0.508024
1,2022-01-01,Janjanbureh,1085.7,1,2022,1662.63,-0.347001,-1.54667
1,2022-02-01,Janjanbureh,2072.76,2,2022,2394.62,-0.134408,-0.335813
1,2022-03-01,Janjanbureh,2330.53,3,2022,2562.65,-0.0905755,-0.0861593
1,2022-04-01,Janjanbureh,2118.42,4,2022,2749.09,-0.229411,-0.876915
1,2022-05-01,Janjanbureh,2396.71,5,2022,2587.06,-0.0735783,0.0106508
1,2022-06-01,Janjanbureh,2725.43,6,2022,2481.66,0.0982251,0.98918
0.948721,2022-07-01,Janjanbureh,1962.5,7,2022,2311.57,-0.15101,-0.430369
0.902576,2022-08-01,Janjanbureh,2031.26,8,2022,2271.08,-0.105599,-0.171726
0.999883,2022-09-01,Janjanbureh,3005.98,9,2022,2174.88,0.382137,2.60624
1,2022-10-01,Janjanbureh,2573.17,10,2022,2203.26,0.167889,1.38596
1,2022-11-01,Janjanbureh,1960.54,11,2022,2124.83,-0.0773182,-0.0106508
1,2022-12-01,Janjanbureh,1771.58,12,2022,2012.59,-0.119751,-0.25233
1,2023-01-01,Janjanbureh,1399.99,1,2023,1557.87,-0.101343,-0.147487
1,2023-02-01,Janjanbureh,1969.36,2,2023,2429.08,-0.189258,-0.648217
1,2023-03-01,Janjanbureh,2883.69,3,2023,2378.26,0.212518,1.64015
1,2023-04-01,Janjanbureh,2791.3,4,2023,2524.79,0.105555,1.03093
1,2023-05-01,Janjanbureh,3185.52,5,2023,2324.13,0.370631,2.54071
1,2023-06-01,Janjanbureh,2531.56,6,2023,2546.29,-0.0057843,0.39678
1,2023-07-01,Janjanbureh,1847.37,7,2023,2349.95,-0.213869,-0.788393
0.999621,2023-08-01,Janjanbureh,1858.55,8,2023,2328.65,-0.201879,-0.720102
1,2023-09-01,Janjanbureh,2400.96,9,2023,2376.56,0.0102666,0.488201
1,2023-10-01,Janjanbureh,2487.25,10,2023,2231.9,0.114409,1.08136
1,2023-11-01,Janjanbureh,2373.2,11,2023,1987.28,0.194195,1.53579
1,2023-12-01,Janjanbureh,2548.82,12,2023,1753.51,0.453557,3.01302
1,2024-01-01,Janjanbureh,2079.25,1,2024,1331.45,0.561645,3.62865
1,2024-02-01,Janjanbureh,3666.49,2,2024,1863.37,0.967667,5.94121
1,2024-03-01,Janjanbureh,2603.33,3,2024,2471.72,0.0532459,0.732995
1,2024-04-01,Janjanbureh,3234.16,4,2024,2377.17,0.360507,2.48304
1,2024-05-01,Janjanbureh,2248.74,5,2024,2636.39,-0.147038,-0.40775
1,2024-06-04,Janjanbureh,2724.54,6,2024,2481.96,0.0977362,0.986395
1,2024-07-01,Janjanbureh,2869.75,7,2024,2009.16,0.428335,2.86937
1,2024-08-01,Janjanbureh,2751.78,8,2024,2030.91,0.354947,2.45137
1,2024-09-01,Janjanbureh,2083.04,9,2024,2482.53,-0.160918,-0.486806
1,2024-10-01,Janjanbureh,2213.58,10,2024,2323.13,-0.0471559,0.161143
1,2024-11-01,Janjanbureh,2243.93,11,2024,2030.37,0.10518,1.02879
1,2024-12-01,Janjanbureh,1788.03,12,2024,2007.1,-0.109147,-0.191935
1,2021-01-01,Kanifing,1367.2,1,2021,1717.5,-0.203961,-0.806684
1,2021-02-01,Kanifing,1380.96,2,2021,1741.78,-0.207155,-0.823293
1,2021-03-01,Kanifing,1375.46,3,2021,1793.9,-0.233258,-0.959001
1,2021-04-01,Kanifing,1369.56,4,2021,1796.61,-0.237702,-0.982108
1,2021-05-01,Kanifing,1147.19,5,2021,1617.32,-0.290685,-1.25757
1,2021-06-01,Kanifing,1085.87,6,2021,1527.49,-0.289114,-1.2494
1,2021-07-01,Kanifing,1137.54,7,2021,1327.02,-0.142786,-0.488631
1,2021-08-01,Kanifing,1165.14,8,2021,1395.81,-0.165259,-0.605468
1,2021-09-01,Kanifing,1337.09,9,2021,1576.94,-0.152102,-0.537064
1,2021-10-01,Kanifing,1371.96,10,2021,1618.32,-0.152232,-0.53774
1,2021-11-01,Kanifing,1229.92,11,2021,1639.2,-0.249685,-1.04441
1,2021-12-01,Kanifing,1678.29,12,2021,1970.14,-0.14814,-0.516469
1,2022-01-01,Kanifing,1595.96,1,2022,1641.25,-0.0275991,0.110238
1,2022-02-01,Kanifing,1588,2,2022,1672.76,-0.0506726,-0.00972324
1,2022-03-01,Kanifing,1622.23,3,2022,1711.64,-0.0522355,-0.0178492
1,2022-04-01,Kanifing,1629.66,4,2022,1709.91,-0.0469322,0.00972324
1,2022-05-01,Kanifing,1447.47,5,2022,1517.23,-0.0459727,0.0147118
1,2022-06-01,Kanifing,1395.86,6,2022,1424.16,-0.0198751,0.150396
0.998691,2022-07-01,Kanifing,1363.51,7,2022,1251.7,0.0893253,0.71814
0.99335,2022-08-01,Kanifing,1262.71,8,2022,1363.28,-0.0737685,-0.129801
1,2022-09-01,Kanifing,1652.54,9,2022,1471.79,0.12281,0.892232
1,2022-10-01,Kanifing,1403.88,10,2022,1607.68,-0.126766,-0.405339
1,2022-11-01,Kanifing,1426.46,11,2022,1573.69,-0.093558,-0.232689
1,2022-12-01,Kanifing,1743.81,12,2022,1948.3,-0.104958,-0.291956
1,2023-01-01,Kanifing,1817.12,1,2023,1567.53,0.159224,1.08155
1,2023-02-01,Kanifing,1538.73,2,2023,1689.19,-0.0890689,-0.20935
1,2023-03-01,Kanifing,1593.24,3,2023,1721.3,-0.0743999,-0.133084
1,2023-04-01,Kanifing,1839.97,4,2023,1639.81,0.122063,0.888346
1,2023-05-01,Kanifing,1517.19,5,2023,1493.99,0.0155284,0.334462
1,2023-06-01,Kanifing,1492.81,6,2023,1391.85,0.0725342,0.630841
1,2023-07-01,Kanifing,1340.7,7,2023,1259.31,0.0646311,0.589752
1,2023-08-01,Kanifing,1100.29,8,2023,1417.42,-0.223739,-0.909513
1,2023-09-01,Kanifing,1220.89,9,2023,1615.68,-0.244349,-1.01666
1,2023-10-01,Kanifing,1453.45,10,2023,1591.16,-0.0865482,-0.196244
1,2023-11-01,Kanifing,1543.25,11,2023,1534.76,0.00553483,0.282505
1,2023-12-01,Kanifing,1811.6,12,2023,1925.71,-0.0592526,-0.0543317
1,2024-01-01,Kanifing,1739.44,1,2024,1593.43,0.0916337,0.730142
1,2024-02-01,Kanifing,2098.6,2,2024,1502.56,0.396679,2.3161
1,2024-03-01,Kanifing,2166.22,3,2024,1530.31,0.415546,2.41419
1,2024-04-01,Kanifing,1920.21,4,2024,1613.06,0.190413,1.24371
1,2024-05-01,Kanifing,1887.3,5,2024,1370.62,0.37697,2.21363
1,2024-06-04,Kanifing,1693.81,6,2024,1324.85,0.278498,1.70167
1,2024-07-01,Kanifing,1276.86,7,2024,1280.58,-0.00290362,0.238632
1,2024-08-01,Kanifing,1824.42,8,2024,1176.05,0.551312,3.12006
1,2024-09-01,Kanifing,1857.4,9,2024,1403.51,0.323399,1.93512
1,2024-10-01,Kanifing,1997.64,10,2024,1409.77,0.416999,2.42175
1,2024-11-01,Kanifing,1947.9,11,2024,1399.88,0.391478,2.28906
1,2024-12-01,Kanifing,2355.02,12,2024,1744.57,0.349915,2.07297
1,2021-01-01,Kerewan,2232.99,1,2021,2253.11,-0.00892909,-0.0617982
1,2021-02-01,Kerewan,4373.53,2,2021,4030.63,0.0850724,0.382362
1,2021-03-01,Kerewan,3377.53,3,2021,3947.88,-0.14447,-0.702233
1,2021-04-01,Kerewan,3476.96,4,2021,4855.44,-0.283905,-1.36107
1,2021-05-01,Kerewan,3603.09,5,2021,4057.63,-0.112023,-0.548919
1,2021-06-01,Kerewan,3357.65,6,2021,4208.07,-0.202092,-0.974501
1,2021-07-01,Kerewan,3237.67,7,2021,3796.62,-0.147223,-0.715244
0.997583,2021-08-01,Kerewan,3551.99,8,2021,3493.31,0.0167961,0.0597543
1,2021-09-01,Kerewan,3472.55,9,2021,4120.85,-0.157321,-0.762957
1,2021-10-01,Kerewan,3348.72,10,2021,3982.6,-0.159164,-0.771664
1,2021-11-01,Kerewan,2884.94,11,2021,3642.89,-0.208064,-1.00272
1,2021-12-01,Kerewan,2706.21,12,2021,3032.57,-0.107617,-0.528104
1,2022-01-01,Kerewan,1724.72,1,2022,2422.53,-0.288052,-1.38067
1,2022-02-01,Kerewan,2725.28,2,2022,4580.05,-0.404966,-1.93309
1,2022-03-01,Kerewan,3810.21,3,2022,3803.65,0.00172363,-0.0114637
1,2022-04-01,Kerewan,3643.75,4,2022,4799.84,-0.24086,-1.15768
1,2022-05-01,Kerewan,4206.98,5,2022,3856.33,0.0909268,0.410025
1,2022-06-01,Kerewan,4015.14,6,2022,3988.91,0.00657596,0.0114637
0.83234,2022-07-01,Kerewan,2913.67,7,2022,3904.62,-0.25379,-1.21878
0.98614,2022-08-01,Kerewan,2711.32,8,2022,3773.53,-0.281491,-1.34967
0.989476,2022-09-01,Kerewan,4817.16,9,2022,3672.65,0.311633,1.45287
1,2022-10-01,Kerewan,3930.34,10,2022,3788.73,0.037377,0.157
1,2022-11-01,Kerewan,3211.13,11,2022,3534.16,-0.0914008,-0.45148
1,2022-12-01,Kerewan,2667.22,12,2022,3045.57,-0.12423,-0.606601
1,2023-01-01,Kerewan,2843.87,1,2023,2049.48,0.387608,1.81186
1,2023-02-01,Kerewan,4395.01,2,2023,4023.47,0.0923427,0.416715
1,2023-03-01,Kerewan,3957.74,3,2023,3754.47,0.0541414,0.236212
1,2023-04-01,Kerewan,5940.21,4,2023,4034.36,0.472406,2.21253
1,2023-05-01,Kerewan,4454.51,5,2023,3773.83,0.180369,0.832644
1,2023-06-01,Kerewan,3879.23,6,2023,4034.21,-0.0384163,-0.201127
1,2023-07-01,Kerewan,4276.1,7,2023,3450.48,0.239274,1.11097
0.997043,2023-08-01,Kerewan,3430.39,8,2023,3533.85,-0.0292768,-0.157942
1,2023-09-01,Kerewan,3862.31,9,2023,3990.93,-0.0322277,-0.171885
1,2023-10-01,Kerewan,4130.73,10,2023,3721.93,0.109833,0.499358
1,2023-11-01,Kerewan,3871.04,11,2023,3314.19,0.168018,0.774286
1,2023-12-01,Kerewan,3238.4,12,2023,2855.17,0.134222,0.614596
1,2024-01-01,Kerewan,2190.73,1,2024,2267.19,-0.0337248,-0.178959
1,2024-02-01,Kerewan,4971.6,2,2024,3831.27,0.297637,1.38674
1,2024-03-01,Kerewan,4075.68,3,2024,3715.16,0.0970402,0.438911
1,2024-04-01,Kerewan,4982.36,4,2024,4353.64,0.144412,0.662744
1,2024-05-01,Kerewan,3511.41,5,2024,4088.19,-0.141084,-0.686238
1,2024-06-04,Kerewan,4729.84,6,2024,3750.68,0.261064,1.21393
1,2024-07-01,Kerewan,4200.11,7,2024,3475.81,0.208381,0.965001
0.991019,2024-08-01,Kerewan,4338.23,8,2024,3231.23,0.342595,1.59917
1,2024-09-01,Kerewan,3683.07,9,2024,4050.68,-0.0907506,-0.448408
1,2024-10-01,Kerewan,3886.75,10,2024,3803.26,0.0219506,0.0841094
1,2024-11-01,Kerewan,3846.5,11,2024,3322.37,0.157759,0.725812
1,2024-12-01,Kerewan,3192.09,12,2024,2870.61,0.111991,0.509553
1,2021-01-01,Kuntaur,1605.64,1,2021,1614.61,-0.00555628,0.121448
1,2021-02-01,Kuntaur,1662.55,2,2021,2643.3,-0.371033,-1.47603
1,2021-03-01,Kuntaur,2197.07,3,2021,2707.93,-0.188653,-0.678861
1,2021-04-01,Kuntaur,2126.72,4,2021,3491.57,-0.390899,-1.56287
1,2021-05-01,Kuntaur,2414.44,5,2021,2866.33,-0.157656,-0.543375
1,2021-06-01,Kuntaur,2749.46,6,2021,2679.52,0.0261026,0.259827
1,2021-07-01,Kuntaur,2231.49,7,2021,2261.75,-0.0133818,0.0872425
0.993775,2021-08-01,Kuntaur,2323.94,8,2021,2178.65,0.0666844,0.437209
1,2021-09-01,Kuntaur,2138.12,9,2021,2425.39,-0.118441,-0.371968
1,2021-10-01,Kuntaur,1919.97,10,2021,2432.37,-0.21066,-0.77505
1,2021-11-01,Kuntaur,1788.33,11,2021,2509.35,-0.287335,-1.11019
1,2021-12-01,Kuntaur,3089.03,12,2021,2383.52,0.295992,1.4395
1,2022-01-01,Kuntaur,1119.76,1,2022,1776.57,-0.369705,-1.47023
1,2022-02-01,Kuntaur,2226.76,2,2022,2455.22,-0.0930511,-0.260988
1,2022-03-01,Kuntaur,2827.14,3,2022,2497.91,0.131802,0.721835
1,2022-04-01,Kuntaur,2309.25,4,2022,3430.73,-0.326893,-1.2831
1,2022-05-01,Kuntaur,2536.79,5,2022,2825.55,-0.102196,-0.30096
1,2022-06-01,Kuntaur,2849.04,6,2022,2646.32,0.0766014,0.480555
0.998485,2022-07-01,Kuntaur,2015.81,7,2022,2333.65,-0.136198,-0.449579
0.924465,2022-08-01,Kuntaur,1996.59,8,2022,2287.77,-0.127275,-0.41058
0.998905,2022-09-01,Kuntaur,2771.03,9,2022,2214.42,0.251357,1.24441
1,2022-10-01,Kuntaur,2551.41,10,2022,2221.89,0.148304,0.793964
1,2022-11-01,Kuntaur,2161.39,11,2022,2385,-0.0937567,-0.264072
1,2022-12-01,Kuntaur,2729.55,12,2022,2503.35,0.090358,0.540684
1,2023-01-01,Kuntaur,2078.84,1,2023,1456.88,0.426914,2.01175
1,2023-02-01,Kuntaur,2104.71,2,2023,2495.91,-0.156736,-0.539353
1,2023-03-01,Kuntaur,2282.77,3,2023,2679.37,-0.148018,-0.501248
1,2023-04-01,Kuntaur,4439.07,4,2023,2720.79,0.631541,2.90617
1,2023-05-01,Kuntaur,3910.54,5,2023,2367.63,0.65167,2.99415
1,2023-06-01,Kuntaur,2462.72,6,2023,2775.1,-0.112565,-0.346281
1,2023-07-01,Kuntaur,1923.18,7,2023,2364.52,-0.186654,-0.67012
0.995949,2023-08-01,Kuntaur,1837.06,8,2023,2340.95,-0.215249,-0.79511
1,2023-09-01,Kuntaur,2365.01,9,2023,2349.76,0.0064882,0.174094
1,2023-10-01,Kuntaur,2534.8,10,2023,2227.43,0.137991,0.748887
1,2023-11-01,Kuntaur,2836.74,11,2023,2159.88,0.313377,1.51549
1,2023-12-01,Kuntaur,2453.68,12,2023,2595.31,-0.0545721,-0.0927983
1,2024-01-01,Kuntaur,1645.23,1,2024,1601.41,0.0273615,0.26533
1,2024-02-01,Kuntaur,3598.42,2,2024,1998.01,0.801003,3.64688
1,2024-03-01,Kuntaur,3013.89,3,2024,2435.66,0.2374,1.1834
1,2024-04-01,Kuntaur,3726.39,4,2024,2958.35,0.259619,1.28052
1,2024-05-01,Kuntaur,2151.66,5,2024,2953.92,-0.271591,-1.04138
1,2024-06-04,Kuntaur,2726.79,6,2024,2687.07,0.0147831,0.21035
1,2024-07-01,Kuntaur,2846.28,7,2024,2056.83,0.38382,1.82339
1,2024-08-01,Kuntaur,2702.31,8,2024,2052.53,0.316575,1.52947
1,2024-09-01,Kuntaur,2140.13,9,2024,2424.72,-0.11737,-0.367286
1,2024-10-01,Kuntaur,2210.91,10,2024,2335.39,-0.0533011,-0.0872425
1,2024-11-01,Kuntaur,2529.93,11,2024,2262.15,0.118373,0.663136
1,2024-12-01,Kuntaur,1967.35,12,2024,2757.42,-0.286525,-1.10665
1,2021-01-01,Mansakonko,3596.14,1,2021,2461.84,0.460755,2.37931
1,2021-02-01,Mansakonko,2404.29,2,2021,3288.16,-0.268805,-1.10104
1,2021-03-01,Mansakonko,9653.44,3,2021,2542.82,2.79636,13.5213
1,2021-04-01,Mansakonko,2231.28,4,2021,3259.97,-0.315552,-1.32405
1,2021-05-01,Mansakonko,2432.47,5,2021,2651.99,-0.082778,-0.213607
1,2021-06-01,Mansakonko,2556.67,6,2021,2921.4,-0.124848,-0.414303
1,2021-07-01,Mansakonko,2267.67,7,2021,2598.11,-0.127183,-0.42544
0.995144,2021-08-01,Mansakonko,2329.79,8,2021,2179.08,0.0691623,0.511221
1,2021-09-01,Mansakonko,2292.31,9,2021,2904.4,-0.210746,-0.824074
1,2021-10-01,Mansakonko,2109.12,10,2021,2602.94,-0.189719,-0.723765
1,2021-11-01,Mansakonko,2114.25,11,2021,2312.06,-0.0855586,-0.226872
1,2021-12-01,Mansakonko,1890.98,12,2021,2160.73,-0.124842,-0.414272
1,2022-01-01,Mansakonko,1658.43,1,2022,3107.74,-0.466355,-2.04345
1,2022-02-01,Mansakonko,3295.45,2,2022,2991.11,0.101749,0.666673
1,2022-03-01,Mansakonko,2222.03,3,2022,5019.95,-0.557361,-2.47759
1,2022-04-01,Mansakonko,2358.32,4,2022,3217.62,-0.267059,-1.09272
1,2022-05-01,Mansakonko,2611.66,5,2022,2592.26,0.00748268,0.216979
1,2022-06-01,Mansakonko,3044.15,6,2022,2758.91,0.103387,0.674491
0.99454,2022-08-01,Mansakonko,1562.69,8,2022,2434.77,-0.358177,-1.52739
0.994868,2022-09-01,Mansakonko,3754.12,9,2022,2417.13,0.553129,2.81998
1,2022-10-01,Mansakonko,2650.99,10,2022,2422.32,0.0944002,0.631617
1,2022-11-01,Mansakonko,2011.71,11,2022,2346.24,-0.142583,-0.498907
1,2022-12-01,Mansakonko,2033.06,12,2022,2113.37,-0.0380011,0
1,2023-01-01,Mansakonko,2510.77,1,2023,2823.63,-0.110799,-0.347281
1,2023-02-01,Mansakonko,2937.07,2,2023,3110.57,-0.0557778,-0.0848031
1,2023-03-01,Mansakonko,2706.92,3,2023,4858.32,-0.442828,-1.93122
1,2023-04-01,Mansakonko,4259.16,4,2023,2584.01,0.648274,3.27386
1,2023-05-01,Mansakonko,2894.7,5,2023,2497.92,0.158847,0.93906
1,2023-06-01,Mansakonko,2561.42,6,2023,2919.82,-0.122746,-0.404275
1,2023-07-01,Mansakonko,2579.27,7,2023,2442.31,0.0560783,0.448804
0.995332,2023-08-01,Mansakonko,2182.1,8,2023,2228.31,-0.0207378,0.0823541
1,2023-09-01,Mansakonko,2497.02,9,2023,2836.17,-0.119578,-0.389161
1,2023-10-01,Mansakonko,2705.24,10,2023,2404.23,0.125199,0.778545
1,2023-11-01,Mansakonko,2473.61,11,2023,2192.28,0.12833,0.79348
1,2023-12-01,Mansakonko,2423.57,12,2023,1983.2,0.222049,1.24056
1,2024-01-01,Mansakonko,3216.31,1,2024,2588.45,0.242563,1.33843
1,2024-02-01,Mansakonko,3631.97,2,2024,2878.94,0.261566,1.42908
1,2024-03-01,Mansakonko,2699.5,3,2024,4860.8,-0.444639,-1.93986
1,2024-04-01,Mansakonko,3162.42,4,2024,2949.59,0.0721586,0.525514
1,2024-05-01,Mansakonko,2449.62,5,2024,2646.28,-0.0743147,-0.173233
1,2024-06-04,Mansakonko,3158.64,6,2024,2720.75,0.160946,0.949072
1,2024-07-01,Mansakonko,2616.95,7,2024,2423.47,0.0798335,0.562128
0.996746,2024-08-01,Mansakonko,2792.44,8,2024,2024.86,0.379079,1.98967
0.998333,2024-09-01,Mansakonko,2462.07,9,2024,2847.82,-0.135456,-0.464905
1,2024-10-01,Mansakonko,2452.6,10,2024,2488.45,-0.0144064,0.112558
1,2024-11-01,Mansakonko,2450.87,11,2024,2199.86,0.114106,0.725624
1,2024-12-01,Mansakonko,2025.56,12,2024,2115.87,-0.0426809,-0.0223247
