shapeID,name,area_km2,n_pixels,sol,rad_km2,sol_per_km2,mean_rad,median_rad,p90_rad,max_rad,lit_area_km2,lit_share,core_area_km2,core_share,pop,pop_inhabited,pop_lit,pop_dark,pop_lit_share,pop_density,sol_per_capita,gini_pixels,gini_pop_light,cv_rad,sol_share_nat,pop_share_nat,light_pop_ratio,parent
56634734B97208940932189,Bakau,9.41825,39,265.162,64.0353,28.1541,6.79903,6.51339,10.6811,12.3114,9.41825,1,1.6905,0.179492,79023.9,79023.9,79023.9,0,1,8390.5,0.00335547,0.203264,0.198743,0.360235,0.0825513,0.0408983,2.01845,Kanifing
56634734B44527271765824,Banjul Central,0.72453,3,50.1566,12.1133,69.2264,16.7189,16.9385,16.9385,16.9385,0.72453,1,0.72453,1,11678.8,11678.8,11678.8,0,1,16119.2,0.00429467,0.00875843,0.00906768,0.0185794,0.0156149,0.0060443,2.58342,Banjul
56634734B93236052329958,Banjul North,7.00374,29,111.335,26.8879,15.8965,3.83913,3.13615,6.97289,16.4356,7.00374,1,0.241507,0.0344826,7077.52,7077.52,7077.52,0,1,1010.54,0.0157308,0.457939,0.251364,0.903012,0.0346612,0.00366293,9.4627,Banjul
56634734B29168541437208,Banjul South,1.20758,5,60.9253,14.7145,50.4524,12.1851,13.372,15.1645,16.1861,1.20758,1,0.724548,0.6,9075.84,9075.84,9075.84,0,1,7515.72,0.00671291,0.128336,0.113101,0.236617,0.0189675,0.00469714,4.03809,Banjul
56634734B15786085247071,Basse,163.861,678,3.34915,0.809341,0.0204389,0.00493975,0,0,0.55852,1.44994,0.00884857,0,0,42397.8,42397.8,1709.04,40688.7,0.0403096,258.742,7.89935e-05,0.987291,0.947404,8.35869,0.00104267,0.0219427,0.0475178,Basse
56634734B73613655778936,Central Badibu,248.208,1028,0,0,0,0,0,0,0,0,0,0,0,20879.3,20869.2,0,20869.2,0,84.1201,0,,,,0,0.0108059,0,Kerewan
56634734B67575656085362,Foni Bintang Karanai,279.2,1155,10.9728,2.65279,0.0393007,0.00950022,0,0,0.700313,4.35169,0.0155863,0,0,16543.7,16539.9,996.934,15542.9,0.0602747,59.2539,0.000663259,0.974653,0.924497,6.03055,0.00341608,0.00856209,0.398978,Brikama
56634734B65915930660736,Foni Bondali,158.588,656,0.433939,0.10492,0.00273626,0.000661492,0,0,0.231362,0,0,0,0,6994.03,6994.03,0,6994.03,0,44.1018,6.20441e-05,0.997052,0.99662,18.123,0.000135095,0.00361972,0.0373221,Brikama
56634734B27150312185582,Foni Brefet,126.924,525,8.33784,2.01585,0.0656914,0.0158816,0,0,0.461364,3.62656,0.0285726,0,0,14907.4,14907.4,1411.86,13495.5,0.0947088,117.451,0.000559309,0.948048,0.857143,4.04573,0.00259577,0.00771522,0.336448,Brikama
56634734B7386392108855,Foni Jarrol,80.7426,334,1.26709,0.306283,0.0156929,0.00379368,0,0,0.294893,0.241718,0.00299369,0,0,6959.16,6959.16,112.452,6846.7,0.0161589,86.1894,0.000182075,0.981525,0.928473,7.07637,0.000394475,0.00360167,0.109526,Brikama
56634734B42615963496738,Foni Kansala,197.982,819,90.7426,21.9394,0.458337,0.110797,0,0.265974,6.10019,20.5504,0.103799,0,0,15930.8,15930.5,3928,12002.5,0.246572,80.4659,0.00569604,0.934795,0.85817,4.17126,0.0282503,0.0082449,3.4264,Brikama
56634734B27555440336226,Illiasa,361.419,1497,0.780722,0.188447,0.00216016,0.000521524,0,0,0.290587,0.241375,0.000667854,0,0,46352.7,46346.8,1.73676,46345.1,3.74731e-05,128.252,1.68431e-05,0.997744,0.999898,20.1857,0.000243057,0.0239895,0.0101318,Kerewan
56634734B22755125769096,Janjanbureh,11.83,49,0,0,0,0,0,0,0,0,0,0,0,4031.01,4031.01,0,4031.01,0,340.743,0,,,,0,0.00208622,0,Janjanbureh
56634734B6993374345684,Jarra central,151.215,626,0,0,0,0,0,0,0,0,0,0,0,8541.85,8541.85,0,8541.85,0,56.488,0,,,,0,0.00442078,0,Mansakonko
56634734B99377934241318,Jarra East,220.266,912,0,0,0,0,0,0,0,0,0,0,0,17062.5,17057,0,17057,0,77.4633,0,,,,0,0.0088306,0,Mansakonko
56634734B83949040016571,Jarra West,177.278,734,0,0,0,0,0,0,0,0,0,0,0,26451.7,26451.7,0,26451.7,0,149.21,0,,,,0,0.0136899,0,Mansakonko
56634734B33214654746760,Jeshwang,14.2492,59,370.479,89.4752,26,6.27931,5.83388,12.4567,13.6758,14.2492,1,3.62271,0.25424,87139,87139,87139,0,1,6115.37,0.00425159,0.372591,0.282598,0.652311,0.115339,0.0450983,2.55751,Kanifing
56634734B42913132832661,Jimara,331.551,1372,0,0,0,0,0,0,0,0,0,0,0,45009.5,45009.5,0,45009.5,0,135.754,0,,,,0,0.0232944,0,Basse
56634734B78170872061000,Jokadu,274.998,1139,0,0,0,0,0,0,0,0,0,0,0,22306.5,22305.5,0,22305.5,0,81.1152,0,,,,0,0.0115446,0,Kerewan
56634734B33233148834926,Kantora,298.331,1235,0,0,0,0,0,0,0,0,0,0,0,39982.7,39977.4,0,39977.4,0,134.022,0,,,,0,0.0206928,0,Basse
56634734B95834842597723,Kiang Central,161.367,668,0,0,0,0,0,0,0,0,0,0,0,8294.32,8291.86,0,8291.86,0,51.4003,0,,,,0,0.00429268,0,Mansakonko
56634734B11412565261125,Kiang East,132.375,548,0,0,0,0,0,0,0,0,0,0,0,7307.1,7301.91,0,7301.91,0,55.2,0,,,,0,0.00378174,0,Mansakonko
56634734B57370738255875,Kiang West,697.075,2885,0,0,0,0,0,0,0,0,0,0,0,14499.9,14487.6,0,14487.6,0,20.801,0,,,,0,0.00750431,0,Mansakonko
56634734B211008456047,Kombo Central,168.961,699,134.559,32.5212,0.796391,0.192502,0,0.721888,3.52202,35.7696,0.211703,0,0,152097,152097,68484,83613.3,0.450264,900.192,0.00088469,0.856007,0.698231,2.39761,0.0418914,0.0787171,0.532177,Brikama
56634734B25207283407562,Kombo East,301.684,1248,35.9911,8.69947,0.119301,0.028839,0,0,0.964316,14.986,0.0496745,0,0,50019.9,50017.5,7971.79,42045.7,0.15938,165.802,0.000719535,0.9332,0.817323,3.59596,0.0112049,0.0258875,0.43283,Brikama
56634734B65078205245432,Kombo North,183.614,760,1351.22,326.426,7.35902,1.77792,0.869327,5.01757,16.9385,126.593,0.689451,2.89895,0.0157883,400515,400515,345890,54625.2,0.863613,2181.29,0.0033737,0.643132,0.507251,1.38296,0.420666,0.207284,2.02942,Brikama
56634734B1390118495461,Kombo South,276.307,1143,39.6226,9.57618,0.1434,0.0346654,0,0,1.10066,16.4345,0.0594792,0,0,114588,114587,17694.2,96892.9,0.154417,414.711,0.000345784,0.939386,0.851866,3.79805,0.0123354,0.0593042,0.208003,Brikama
56634734B14945153011857,Lower Badibu,195.334,809,0,0,0,0,0,0,0,0,0,0,0,18393.9,18392.7,0,18392.7,0,94.1662,0,,,,0,0.00951964,0,Kerewan
56634734B90495316975710,Lower Fuladu West,344.057,1425,0,0,0,0,0,0,0,0,0,0,0,39944,39943.2,0,39943.2,0,116.097,0,,,,0,0.0206728,0,Janjanbureh
56634734B30137768679203,Lower Niumi,348.395,1443,0.646501,0.156049,0.00185565,0.000448026,0,0,0.260153,0.241375,0.000692819,0,0,59356.1,59354.8,41.3553,59313.4,0.000696747,170.37,1.08919e-05,0.998136,0.998174,22.3154,0.000201271,0.0307194,0.00655194,Kerewan
56634734B70409077095290,Lower Saloum,185.284,768,0,0,0,0,0,0,0,0,0,0,0,16681.8,16679.8,0,16679.8,0,90.0334,0,,,,0,0.00863354,0,Kuntaur
56634734B21442074713298,Niamina Dankunku,125.983,522,0,0,0,0,0,0,0,0,0,0,0,5860.91,5860.91,0,5860.91,0,46.5213,0,,,,0,0.00303328,0,Janjanbureh
56634734B42374489083147,Niamina East,362.218,1501,0,0,0,0,0,0,0,0,0,0,0,25335.1,25333.8,0,25333.8,0,69.9442,0,,,,0,0.013112,0,Janjanbureh
56634734B81557661921178,Niamina West,154.731,641,0,0,0,0,0,0,0,0,0,0,0,7018.12,7018.12,0,7018.12,0,45.3568,0,,,,0,0.00363219,0,Janjanbureh
56634734B41420439456091,Niani,435.996,1807,0,0,0,0,0,0,0,0,0,0,0,29592.7,29591,0,29591,0,67.8738,0,,,,0,0.0153155,0,Kuntaur
56634734B85088174381509,Nianija,135.091,560,0,0,0,0,0,0,0,0,0,0,0,10455.3,10455.3,0,10455.3,0,77.3949,0,,,,0,0.00541109,0,Kuntaur
56634734B86795933582352,Sabach Sanjar,343.064,1421,0,0,0,0,0,0,0,0,0,0,0,28612.3,28610.9,0,28610.9,0,83.4022,0,,,,0,0.0148081,0,Kerewan
56634734B54242206420565,Sami,490.53,2032,0,0,0,0,0,0,0,0,0,0,0,24896.9,24890.9,0,24890.9,0,50.7551,0,,,,0,0.0128852,0,Kuntaur
56634734B93657392024497,Sandu,329.709,1365,0,0,0,0,0,0,0,0,0,0,0,24598.1,24596.2,0,24596.2,0,74.6056,0,,,,0,0.0127306,0,Basse
56634734B31410801409584,Serrekunda Central,4.10616,17,128.732,31.0936,31.3511,7.57249,7.29874,11.3169,12.9609,4.10616,1,1.20766,0.294109,22435.4,22435.4,22435.4,0,1,5463.85,0.00573791,0.223401,0.208905,0.389419,0.0400775,0.0116113,3.45159,Kanifing
56634734B18055278254530,Serrekunda East,12.5609,52,215.239,51.9916,17.1357,4.1392,3.61569,7.75008,10.7735,12.5609,1,0.241534,0.0192291,64047.9,64047.9,64047.9,0,1,5099.01,0.00336059,0.343231,0.313835,0.610609,0.0670089,0.0331476,2.02153,Kanifing
56634734B71497134195207,Serrekunda West,12.559,52,332.139,80.2173,26.4463,6.38728,5.81755,9.72022,14.2692,12.559,1,1.20756,0.0961511,90748.8,90748.8,90748.8,0,1,7225.82,0.00365998,0.199459,0.201372,0.370544,0.103403,0.0469665,2.20163,Kanifing
56634734B54781332377439,Tumana,303.469,1256,0,0,0,0,0,0,0,0,0,0,0,46056.4,46056.4,0,46056.4,0,151.767,0,,,,0,0.0238362,0,Basse
56634734B91081024976770,Upper Fuladu West,470.018,1946,0,0,0,0,0,0,0,0,0,0,0,44758.7,44758.7,0,44758.7,0,95.2275,0,,,,0,0.0231646,0,Janjanbureh
56634734B28238259284132,Upper Niumi,420.771,1742,0,0,0,0,0,0,0,0,0,0,0,31389.2,31387.1,0,31387.1,0,74.5991,0,,,,0,0.0162453,0,Kerewan
56634734B57962636272806,Upper Saloum,243.87,1011,0,0,0,0,0,0,0,0,0,0,0,18582.8,18582.4,0,18582.4,0,76.1996,0,,,,0,0.00961742,0,Kuntaur
56634734B89687119950058,Wuli East,323.571,1340,0,0,0,0,0,0,0,0,0,0,0,24988,24985.8,0,24985.8,0,77.2258,0,,,,0,0.0129324,0,Basse
56634734B48610519572764,Wuli West,274.127,1135,0,0,0,0,0,0,0,0,0,0,0,22784.4,22783.5,0,22783.5,0,83.1161,0,,,,0,0.0117919,0,Basse
